policy,scenario,kind,cmd_vx,direction,initial_roll_deg,fallen,peak_roll_deg,peak_roll_after_025_deg,recovery_time_s,symmetric_reentry_time_s,reverse_overshoot_deg,steady_vx,steady_vy_abs,action_max,action_element_over_095_ratio,action_cycle_over_095_ratio,torque_abs_max,settled_diagonal_height_error,settled_contact_mismatch_ratio,min_height
/home/nszb/gym/mujoko/models/fanfan_symmetric_transition_5530.onnx,roll_-3_vx0.12,roll,0.12,-1,-3.0,0,3.0611135551989364,3.0611135551989364,0.06,0.48,2.0808214314314166,0.07641211756299046,0.032413456433240444,0.9301705956459045,0.0,0.0,8.378315260643603,0.006214790707517151,0.15,0.2809701302072414
/home/nszb/gym/mujoko/models/fanfan_symmetric_transition_5530.onnx,roll_+3_vx0.12,roll,0.12,1,3.0,0,3.0156872866244364,2.1976247975813403,0.06,0.06,1.9675833310448068,0.07587388899024759,0.03301943337830792,0.9301828742027283,0.0,0.0,8.082929391389253,0.006335345731527302,0.155,0.28096583504688816
/home/nszb/gym/mujoko/models/fanfan_symmetric_transition_5530.onnx,roll_-5_vx0.12,roll,0.12,-1,-5.0,0,4.9486167284213955,3.619693065615707,0.06,0.48,2.0909390847956377,0.07613690983731371,0.032349711229035245,0.9296002984046936,0.0,0.0,8.403076985902558,0.006235882586313879,0.15,0.2804799663615371
/home/nszb/gym/mujoko/models/fanfan_symmetric_transition_5530.onnx,roll_+5_vx0.12,roll,0.12,1,5.0,0,4.962576551441046,2.5266650047242734,0.3,0.26,2.0395416122915653,0.07634868859022476,0.032472198675528814,0.9303760528564453,0.0,0.0,8.55277159075742,0.006217908582849208,0.15,0.28144545127009496
/home/nszb/gym/mujoko/models/fanfan_symmetric_transition_5530.onnx,roll_-8_vx0.12,roll,0.12,-1,-8.0,0,7.910701228623907,3.9542891952960515,0.1,0.48,2.1497427304014503,0.07403051367980491,0.035066368109168224,0.9295803904533386,0.0,0.0,8.490013306275866,0.006768973324150962,0.17,0.27972930053861256
/home/nszb/gym/mujoko/models/fanfan_symmetric_transition_5530.onnx,roll_+8_vx0.12,roll,0.12,1,8.0,0,7.923902437441718,3.4268859389609934,0.3,0.28,2.135390150961983,0.0746017111963659,0.03441434516008856,0.9301941394805908,0.0,0.0,8.377431503545012,0.006632198369849842,0.17,0.2816873811060148
/home/nszb/gym/mujoko/models/fanfan_symmetric_transition_5530.onnx,push_-1_vx0.12,push,0.12,-1,-0.0,0,2.6111918018999796,2.6111918018999796,0.06000000000000005,0.06000000000000005,2.56938637484588,0.08213526905012485,0.04934091920306754,0.9473989605903625,0.0,0.0,8.247663041501431,0.005506041412632881,0.135,0.2807567810702234
/home/nszb/gym/mujoko/models/fanfan_symmetric_transition_5530.onnx,push_+1_vx0.12,push,0.12,1,0.0,0,2.6794579423308615,2.6794579423308615,0.06000000000000005,0.06000000000000005,2.6794579423308615,0.08133428405395902,0.05122327367580557,0.9280723333358765,0.0,0.0,8.247663041501431,0.005795211406694997,0.115,0.2807567810702234
/home/nszb/gym/mujoko/models/fanfan_symmetric_transition_5530.onnx,roll_-3_vx0.20,roll,0.2,-1,-3.0,0,2.987759511286841,2.859667311583643,0.06,0.06,2.58488249699728,0.14724746296765884,0.02678545295312449,0.9306462407112122,0.0,0.0,8.362520248275622,0.004008266399053013,0.1275,0.28043909433053366
/home/nszb/gym/mujoko/models/fanfan_symmetric_transition_5530.onnx,roll_+3_vx0.20,roll,0.2,1,3.0,0,3.011516835841387,2.334409650054789,0.06,0.06,2.2933214387193335,0.15850458149965654,0.049520602779162634,0.8964413404464722,0.0,0.0,8.254425114664265,0.0064803846967348465,0.1325,0.280752590096478
/home/nszb/gym/mujoko/models/fanfan_symmetric_transition_5530.onnx,roll_-5_vx0.20,roll,0.2,-1,-5.0,0,4.941352630768013,3.4820543040222387,0.06,0.46,2.241200530605568,0.1472409983064463,0.026797104954020254,0.9297568798065186,0.0,0.0,8.532588350914695,0.004009486261250531,0.1275,0.279796835123769
/home/nszb/gym/mujoko/models/fanfan_symmetric_transition_5530.onnx,roll_+5_vx0.20,roll,0.2,1,5.0,0,4.953626470030676,1.8199626524274197,0.08,0.06,1.7542901847311756,0.1464590624587279,0.028401760217689684,0.9318397045135498,0.0,0.0,9.212192230443474,0.004215384682362412,0.1275,0.28123213764536364
/home/nszb/gym/mujoko/models/fanfan_symmetric_transition_5530.onnx,roll_-8_vx0.20,roll,0.2,-1,-8.0,0,7.90276256055375,4.186166452480931,0.1,0.48,1.7605889091159586,0.14725009594222777,0.026782326000453032,0.9296200275421143,0.0,0.0,8.47897116437863,0.004008153292688159,0.1275,0.2796613820161972
/home/nszb/gym/mujoko/models/fanfan_symmetric_transition_5530.onnx,roll_+8_vx0.20,roll,0.2,1,8.0,0,7.914438741292944,2.5732847006068726,0.3,0.26,1.51138150446204,0.14797724066824597,0.02489964284021403,0.9295338988304138,0.0,0.0,8.737711714277316,0.0038172528937737483,0.1475,0.28082330793981264
/home/nszb/gym/mujoko/models/fanfan_symmetric_transition_5530.onnx,push_-1_vx0.20,push,0.2,-1,-0.0,0,2.31332977296727,2.31332977296727,0.06000000000000005,0.06000000000000005,2.312339877893275,0.15856839787435878,0.049939392223315046,0.9512073397636414,0.0002777777777777778,0.0033333333333333335,8.653257175276329,0.006520864632149567,0.14,0.2805568529965616
/home/nszb/gym/mujoko/models/fanfan_symmetric_transition_5530.onnx,push_+1_vx0.20,push,0.2,1,0.0,0,2.2381420263890472,2.2381420263890472,0.06000000000000005,0.06000000000000005,2.116077603889771,0.15851741811103873,0.04865157417421649,0.9289893507957458,0.0,0.0,8.653257175276329,0.0063314569664412665,0.125,0.2805568529965616
/home/nszb/gym/mujoko/models/fanfan_symmetric_transition_5530.onnx,roll_-3_vx0.35,roll,0.35,-1,-3.0,0,3.208359355651461,2.499516743283479,0.26,0.26,3.208359355651461,0.2694570177943216,0.06157226474931094,0.9350441694259644,0.0,0.0,8.58651406518935,0.008358705816616512,0.135,0.27713466918684126
/home/nszb/gym/mujoko/models/fanfan_symmetric_transition_5530.onnx,roll_+3_vx0.35,roll,0.35,1,3.0,0,3.0135708253429416,2.549473204656443,0.26,0.06,2.549473204656443,0.27013870398381357,0.06262180042668368,0.907447099685669,0.0,0.0,8.32466494414116,0.008439740955374418,0.1225,0.2791155457522874
/home/nszb/gym/mujoko/models/fanfan_symmetric_transition_5530.onnx,roll_-5_vx0.35,roll,0.35,-1,-5.0,0,4.918905607364353,2.7585389142780063,0.26,0.24,2.934215743029694,0.26874732072995405,0.06226784458964959,0.9346495866775513,0.0,0.0,8.49335186734506,0.00844334693217354,0.1275,0.2767342384813554
/home/nszb/gym/mujoko/models/fanfan_symmetric_transition_5530.onnx,roll_+5_vx0.35,roll,0.35,1,5.0,0,4.949862290250127,2.52028439218042,0.08,0.06,2.52028439218042,0.2701045797364496,0.062079770865236875,0.9263178706169128,0.0,0.0,8.775660680754367,0.008452208155701316,0.135,0.27660377178349493
/home/nszb/gym/mujoko/models/fanfan_symmetric_transition_5530.onnx,roll_-8_vx0.35,roll,0.35,-1,-8.0,0,7.879989505031146,3.5663392325609653,0.1,0.46,2.4310992072837916,0.2693455499173432,0.06206405452157566,0.93843674659729,0.0,0.0,8.488850173311867,0.008454701550968788,0.1425,0.2764159253608774
/home/nszb/gym/mujoko/models/fanfan_symmetric_transition_5530.onnx,roll_+8_vx0.35,roll,0.35,1,8.0,0,7.910175475677924,2.571693194740374,0.1,0.24,2.3822982025098693,0.2695325853884942,0.06147934188980393,0.9275962710380554,0.0,0.0,8.996381727402628,0.008338383926519215,0.1325,0.2762260104035187
/home/nszb/gym/mujoko/models/fanfan_symmetric_transition_5530.onnx,push_-1_vx0.35,push,0.35,-1,-0.0,0,3.8326197165802847,2.424403299921289,0.30000000000000027,0.2400000000000002,3.8326197165802847,0.2698656404649684,0.06128299860477638,0.926666796207428,0.0,0.0,10.03329316437219,0.008320274350267286,0.125,0.27716689766920616
/home/nszb/gym/mujoko/models/fanfan_symmetric_transition_5530.onnx,push_+1_vx0.35,push,0.35,1,0.0,0,2.4610382554852777,2.4610382554852777,0.06000000000000005,0.06000000000000005,2.4610382554852777,0.26867211616721454,0.061770834563842705,0.9482833743095398,0.0,0.0,8.684944432407521,0.008437393938413027,0.155,0.27716689766920616
/home/nszb/gym/mujoko/models/fanfan_symmetric_transition_5530.onnx,saturated_-1_vx0.20,saturated,0.2,-1,-3.0,0,5.611387301023472,5.315642272750967,0.38,0.34,2.3447073980498905,0.15776479393901988,0.05108552307691017,0.9445575475692749,0.0,0.0,32.02762305736542,0.006734475401766109,0.14,0.2790536693414969
/home/nszb/gym/mujoko/models/fanfan_symmetric_transition_5530.onnx,saturated_+1_vx0.20,saturated,0.2,1,3.0,0,5.1619275327673115,3.1258536548339095,0.54,0.54,2.0575464785382502,0.14676181115044287,0.02946550696013104,0.9363173842430115,0.0,0.0,27.46272385120392,0.0045564487418498,0.15,0.27559909744894956
/home/nszb/gym/mujoko/models/tilt_recovery_5530_candidates/model_6100.onnx,roll_-3_vx0.12,roll,0.12,-1,-3.0,0,2.9911636955198024,2.189411093322713,0.06,0.06,2.136597602211326,0.08360942901417143,0.053403155504541715,0.9477651119232178,0.0,0.0,8.03624563881959,0.0032136237934573837,0.1425,0.2800235250425386
/home/nszb/gym/mujoko/models/tilt_recovery_5530_candidates/model_6100.onnx,roll_+3_vx0.12,roll,0.12,1,3.0,0,3.0124262422422694,2.111577642885369,0.06,0.06,1.9981266269795024,0.08391502960633807,0.0521785283100448,0.9438504576683044,0.0,0.0,7.910278988971581,0.003023471624796343,0.135,0.27947149912399966
/home/nszb/gym/mujoko/models/tilt_recovery_5530_candidates/model_6100.onnx,roll_-5_vx0.12,roll,0.12,-1,-5.0,0,4.95810314625079,2.1763608968953774,0.06,0.06,2.1763608968953774,0.08367034075475338,0.052426397534117035,0.9529867172241211,0.0013888888888888887,0.016666666666666666,8.404354913438183,0.003113097059706144,0.135,0.2797997327190981
/home/nszb/gym/mujoko/models/tilt_recovery_5530_candidates/model_6100.onnx,roll_+5_vx0.12,roll,0.12,1,5.0,0,4.962103764958098,2.216353342757884,0.06,0.06,2.216353342757884,0.0837236162208183,0.05234213514325968,0.9479471445083618,0.0,0.0,8.146087075132261,0.0030689967482277537,0.135,0.2800040611064623
/home/nszb/gym/mujoko/models/tilt_recovery_5530_candidates/model_6100.onnx,roll_-8_vx0.12,roll,0.12,-1,-8.0,0,7.921953966395529,2.166492482126469,0.12,0.12,2.144222869162797,0.0837851410781419,0.05242118093837173,0.9505033493041992,0.0002777777777777778,0.0033333333333333335,8.50488904045828,0.0030693838605696756,0.135,0.2791064265385588
/home/nszb/gym/mujoko/models/tilt_recovery_5530_candidates/model_6100.onnx,roll_+8_vx0.12,roll,0.12,1,8.0,0,7.925338632212451,3.17516997794575,0.3,0.28,2.178688150794338,0.08372870606925688,0.05212113720374818,0.9520464539527893,0.0005555555555555556,0.006666666666666667,8.368602262300618,0.0030380085687822045,0.135,0.2797939941358813
/home/nszb/gym/mujoko/models/tilt_recovery_5530_candidates/model_6100.onnx,push_-1_vx0.12,push,0.12,-1,-0.0,0,2.1982692095213867,2.1982692095213867,0.06000000000000005,0.06000000000000005,2.109072736940406,0.08366097200085303,0.05321624048071285,0.9522867202758789,0.0002777777777777778,0.0033333333333333335,7.972095783827075,0.003219701972004094,0.14,0.2795388676878468
/home/nszb/gym/mujoko/models/tilt_recovery_5530_candidates/model_6100.onnx,push_+1_vx0.12,push,0.12,1,0.0,0,2.26844085685039,2.243729466524009,0.06000000000000005,0.06000000000000005,2.26844085685039,0.08384874698292923,0.05134262559925278,0.9602531790733337,0.007222222222222222,0.08666666666666667,7.972095783827075,0.0029717466432065674,0.13,0.2795388676878468
/home/nszb/gym/mujoko/models/tilt_recovery_5530_candidates/model_6100.onnx,roll_-3_vx0.20,roll,0.2,-1,-3.0,0,2.994627148891067,2.087089395773087,0.06,0.06,2.087089395773087,0.15534031289552563,0.05553066546300903,0.9545032978057861,0.0016666666666666668,0.02,8.153591775217636,0.004204992744278432,0.1275,0.2794947283378521
/home/nszb/gym/mujoko/models/tilt_recovery_5530_candidates/model_6100.onnx,roll_+3_vx0.20,roll,0.2,1,3.0,0,3.008209925550365,2.173605511383849,0.06,0.06,1.991999482198198,0.1552822171923161,0.05563333369864891,0.9459050297737122,0.0,0.0,7.715190779073765,0.004201258937626042,0.125,0.2790981242923181
/home/nszb/gym/mujoko/models/tilt_recovery_5530_candidates/model_6100.onnx,roll_-5_vx0.20,roll,0.2,-1,-5.0,0,4.952065093407061,2.2631651072042525,0.06,0.06,2.2631651072042525,0.15542301332722958,0.05538790003362504,0.9575904607772827,0.0027777777777777775,0.03333333333333333,8.537434744815082,0.004204951068373006,0.125,0.27938127895595144
/home/nszb/gym/mujoko/models/tilt_recovery_5530_candidates/model_6100.onnx,roll_+5_vx0.20,roll,0.2,1,5.0,0,4.952196691817839,2.1148042050541696,0.08,0.06,1.970614448445067,0.15531152018486238,0.05597963415273214,0.9529123306274414,0.0011111111111111111,0.013333333333333334,8.172128746604342,0.004237756283145832,0.1325,0.2794050784479898
/home/nszb/gym/mujoko/models/tilt_recovery_5530_candidates/model_6100.onnx,roll_-8_vx0.20,roll,0.2,-1,-8.0,0,7.915236655735069,2.162238646060125,0.1,0.1,2.162238646060125,0.15507844893474554,0.05616996287200807,0.9562242031097412,0.0022222222222222222,0.02666666666666667,8.762433206823857,0.004274279107745302,0.1275,0.27938519283566776
/home/nszb/gym/mujoko/models/tilt_recovery_5530_candidates/model_6100.onnx,roll_+8_vx0.20,roll,0.2,1,8.0,0,7.914589238411921,2.8041196983134524,0.26,0.26,1.932097381900593,0.1552418242335318,0.055664643930012546,0.9554678201675415,0.0022222222222222222,0.02666666666666667,8.467848278814781,0.004190184779359884,0.13,0.2791307743382192
/home/nszb/gym/mujoko/models/tilt_recovery_5530_candidates/model_6100.onnx,push_-1_vx0.20,push,0.2,-1,-0.0,0,2.215687783155285,2.215687783155285,0.06000000000000005,0.06000000000000005,2.1144800335756733,0.15503710164071977,0.055592572955739966,0.9544317126274109,0.0005555555555555556,0.006666666666666667,8.054591477884191,0.00421184177366278,0.12,0.27916044785199556
/home/nszb/gym/mujoko/models/tilt_recovery_5530_candidates/model_6100.onnx,push_+1_vx0.20,push,0.2,1,0.0,0,2.045155723577629,2.045155723577629,0.06000000000000005,0.06000000000000005,2.045155723577629,0.15503280648696507,0.055443433234969926,0.9659488201141357,0.009166666666666667,0.11,8.054591477884191,0.004159488096378211,0.125,0.27916044785199556
/home/nszb/gym/mujoko/models/tilt_recovery_5530_candidates/model_6100.onnx,roll_-3_vx0.35,roll,0.35,-1,-3.0,0,2.9940600405955746,2.367872178388438,0.06,0.06,2.367872178388438,0.27134942571458964,0.06679653731857281,0.9570597410202026,0.0008333333333333334,0.01,8.542975228102392,0.00584656452720893,0.095,0.2761362326103413
/home/nszb/gym/mujoko/models/tilt_recovery_5530_candidates/model_6100.onnx,roll_+3_vx0.35,roll,0.35,1,3.0,0,3.008028733298733,2.3538686383297964,0.06,0.06,2.3538686383297964,0.27168139165242133,0.06680027448703588,0.9458041191101074,0.0,0.0,7.897133223791665,0.005856428262602214,0.0925,0.2770989511573847
/home/nszb/gym/mujoko/models/tilt_recovery_5530_candidates/model_6100.onnx,roll_-5_vx0.35,roll,0.35,-1,-5.0,0,4.934428052949563,2.3211389500223563,0.06,0.06,2.3211389500223563,0.2720345847707455,0.06716805959377091,0.9579970240592957,0.0008333333333333334,0.01,8.941096891886927,0.00588547083441685,0.1025,0.2765097601431325
/home/nszb/gym/mujoko/models/tilt_recovery_5530_candidates/model_6100.onnx,roll_+5_vx0.35,roll,0.35,1,5.0,0,4.947461230166407,2.347323697807754,0.08,0.06,2.1857822821870747,0.2715629207010021,0.06749003378500112,0.9489294290542603,0.0,0.0,8.114178139724078,0.005897274615626773,0.0875,0.27579540966331095
/home/nszb/gym/mujoko/models/tilt_recovery_5530_candidates/model_6100.onnx,roll_-8_vx0.35,roll,0.35,-1,-8.0,0,7.897165268583374,2.4469750141359516,0.1,0.08,2.4469750141359516,0.2717811103500012,0.06810426630955367,0.9585840106010437,0.0013888888888888887,0.016666666666666666,8.875486081102407,0.005975758702428362,0.1075,0.2765478449523528
/home/nszb/gym/mujoko/models/tilt_recovery_5530_candidates/model_6100.onnx,roll_+8_vx0.35,roll,0.35,1,8.0,0,7.909457838740633,2.4194937014874576,0.1,0.26,2.1881585161790986,0.2726237547963494,0.06734177908293368,0.9550236463546753,0.0011111111111111111,0.013333333333333334,8.407208994963646,0.005925101898728107,0.1125,0.27585613776822293
/home/nszb/gym/mujoko/models/tilt_recovery_5530_candidates/model_6100.onnx,push_-1_vx0.35,push,0.35,-1,-0.0,0,3.998280080823102,2.335910976060835,0.26000000000000023,0.26000000000000023,3.998280080823102,0.2714245628441318,0.0672738971080159,0.9567081332206726,0.0025,0.03,9.230297027277745,0.005932352784738495,0.1,0.2764258416188955
/home/nszb/gym/mujoko/models/tilt_recovery_5530_candidates/model_6100.onnx,push_+1_vx0.35,push,0.35,1,0.0,0,2.24189758578053,2.24189758578053,0.06000000000000005,0.06000000000000005,2.24189758578053,0.2720425785026558,0.06679303092383053,0.9671273231506348,0.0061111111111111106,0.07333333333333333,8.204683366514889,0.005883504908077323,0.11,0.2764258416188955
/home/nszb/gym/mujoko/models/tilt_recovery_5530_candidates/model_6100.onnx,saturated_-1_vx0.20,saturated,0.2,-1,-3.0,0,5.815062489543165,5.519226170816159,0.36,0.36,2.0277590852603002,0.15576468756100975,0.055187592205162284,0.9553719758987427,0.0005555555555555556,0.006666666666666667,32.02762305736542,0.004206575202267288,0.1275,0.2779224050826225
/home/nszb/gym/mujoko/models/tilt_recovery_5530_candidates/model_6100.onnx,saturated_+1_vx0.20,saturated,0.2,1,3.0,0,5.148060276806821,2.1436378364643796,0.14,0.14,2.1436378364643796,0.15460216208595987,0.057728649990022037,0.950282871723175,0.0002777777777777778,0.0033333333333333335,27.46272385120392,0.004503087516911748,0.1375,0.2751572397233567
/home/nszb/gym/mujoko/models/tilt_recovery_5530_candidates/model_6175.onnx,roll_-3_vx0.12,roll,0.12,-1,-3.0,0,2.991444281754275,2.2622165761854776,0.06,0.06,2.1841321820522435,0.08285627384373197,0.05356390043425266,0.9537038207054138,0.0022222222222222222,0.02666666666666667,8.028701648549697,0.002824532648216022,0.1375,0.2796395773039743
/home/nszb/gym/mujoko/models/tilt_recovery_5530_candidates/model_6175.onnx,roll_+3_vx0.12,roll,0.12,1,3.0,0,3.0123954564134596,2.4091755641627897,0.06,0.06,2.149677354023319,0.08266128813337359,0.05407475373025388,0.9487082958221436,0.0,0.0,7.839571192581889,0.002905026706961855,0.135,0.2792554140048617
/home/nszb/gym/mujoko/models/tilt_recovery_5530_candidates/model_6175.onnx,roll_-5_vx0.12,roll,0.12,-1,-5.0,0,4.959080905251909,2.218208188895405,0.06,0.06,2.141536332077098,0.08288782754547999,0.05360903711063491,0.9579266309738159,0.0044444444444444444,0.05333333333333334,8.426735760549773,0.00287426623517679,0.135,0.2796061248404484
/home/nszb/gym/mujoko/models/tilt_recovery_5530_candidates/model_6175.onnx,roll_+5_vx0.12,roll,0.12,1,5.0,0,4.962227509302038,2.185340138210782,0.06,0.06,2.185340138210782,0.08266673541870449,0.05424554283386602,0.9542508721351624,0.0016666666666666668,0.02,8.091663253544528,0.0029309708097680133,0.1375,0.27966240169748946
/home/nszb/gym/mujoko/models/tilt_recovery_5530_candidates/model_6175.onnx,roll_-8_vx0.12,roll,0.12,-1,-8.0,0,7.923050754041571,2.2176560002311687,0.12,0.12,2.2176560002311687,0.08263726694579576,0.05396591502673953,0.9518752694129944,0.0005555555555555556,0.006666666666666667,8.520940834760449,0.0028825696005236956,0.135,0.2788717840627685
/home/nszb/gym/mujoko/models/tilt_recovery_5530_candidates/model_6175.onnx,roll_+8_vx0.12,roll,0.12,1,8.0,0,7.925616364539829,3.1615428057565462,0.3,0.28,2.2418814336680444,0.08279911512829802,0.05392115831590478,0.9573241472244263,0.0030555555555555553,0.03666666666666667,8.323029328716082,0.0028698692899186205,0.1375,0.27968293730254246
/home/nszb/gym/mujoko/models/tilt_recovery_5530_candidates/model_6175.onnx,push_-1_vx0.12,push,0.12,-1,-0.0,0,2.2217247970626377,2.2217247970626377,0.06000000000000005,0.06000000000000005,2.1822035435571556,0.08301855568462317,0.053425954139407025,0.9577657580375671,0.0016666666666666666,0.02,7.888809211583509,0.0028144223789487565,0.14,0.27921201593941963
/home/nszb/gym/mujoko/models/tilt_recovery_5530_candidates/model_6175.onnx,push_+1_vx0.12,push,0.12,1,0.0,0,2.2138247215054316,2.2138247215054316,0.06000000000000005,0.06000000000000005,2.1846773069973784,0.08270770958097971,0.05284701645737919,0.9644281268119812,0.013888888888888886,0.16666666666666666,7.888809211583509,0.0027774456584280004,0.135,0.27921201593941963
/home/nszb/gym/mujoko/models/tilt_recovery_5530_candidates/model_6175.onnx,roll_-3_vx0.20,roll,0.2,-1,-3.0,0,2.994917040470491,2.1860682325691876,0.06,0.06,2.1860682325691876,0.15378633952953338,0.0576842761749093,0.960139811038971,0.00611111111111111,0.07333333333333333,8.136452594291015,0.0040647229899824664,0.1325,0.2789971642155011
/home/nszb/gym/mujoko/models/tilt_recovery_5530_candidates/model_6175.onnx,roll_+3_vx0.20,roll,0.2,1,3.0,0,3.0082061980949546,2.1444978182751293,0.06,0.06,2.0296500012884273,0.15390805435095506,0.05782227174651087,0.9503853917121887,0.0005555555555555556,0.006666666666666667,7.635283377797567,0.00411348150312397,0.1325,0.27863297211630267
/home/nszb/gym/mujoko/models/tilt_recovery_5530_candidates/model_6175.onnx,roll_-5_vx0.20,roll,0.2,-1,-5.0,0,4.953146933631635,2.0488708385481114,0.06,0.06,2.0488708385481114,0.1541413317064137,0.057922132636458665,0.9616760015487671,0.006388888888888888,0.07666666666666666,8.5329793330071,0.004148167585641949,0.135,0.2790292977321203
/home/nszb/gym/mujoko/models/tilt_recovery_5530_candidates/model_6175.onnx,roll_+5_vx0.20,roll,0.2,1,5.0,0,4.952420031374381,2.106630523238285,0.08,0.06,2.106630523238285,0.15368204931160914,0.05722634135502542,0.9577512145042419,0.004722222222222221,0.056666666666666664,8.070264248529714,0.004037001103084048,0.1275,0.27898358240186005
/home/nszb/gym/mujoko/models/tilt_recovery_5530_candidates/model_6175.onnx,roll_-8_vx0.20,roll,0.2,-1,-8.0,0,7.916436368544708,2.160797677936783,0.12,0.12,2.160797677936783,0.15379692921292323,0.05748618176783814,0.9593456387519836,0.0061111111111111106,0.07333333333333333,8.781524857339653,0.004029245895486498,0.1325,0.27914361751062466
/home/nszb/gym/mujoko/models/tilt_recovery_5530_candidates/model_6175.onnx,roll_+8_vx0.20,roll,0.2,1,8.0,0,7.914945518833034,2.767929611451156,0.26,0.26,2.0143627213510613,0.15387407633420022,0.05741572353413015,0.9597758650779724,0.006666666666666666,0.08,8.39844415223019,0.004079574635210411,0.1275,0.27868297427145894
/home/nszb/gym/mujoko/models/tilt_recovery_5530_candidates/model_6175.onnx,push_-1_vx0.20,push,0.2,-1,-0.0,0,2.1911151939101496,2.1911151939101496,0.06000000000000005,0.06000000000000005,2.1020154470760404,0.15413045187334565,0.056650085189830494,0.9586885571479797,0.0022222222222222222,0.02666666666666667,7.877932119297005,0.003977966405693127,0.135,0.278712283778047
/home/nszb/gym/mujoko/models/tilt_recovery_5530_candidates/model_6175.onnx,push_+1_vx0.20,push,0.2,1,0.0,0,2.2065755043154813,2.2065755043154813,0.06000000000000005,0.06000000000000005,2.2065755043154813,0.15364395480435608,0.05739941587576629,0.9692830443382263,0.01361111111111111,0.16,7.877932119297005,0.004058161844451665,0.125,0.278712283778047
/home/nszb/gym/mujoko/models/tilt_recovery_5530_candidates/model_6175.onnx,roll_-3_vx0.35,roll,0.35,-1,-3.0,0,2.9942612052700763,2.347366819317715,0.06,0.06,2.347366819317715,0.2706222564336981,0.06880220528403293,0.9579814076423645,0.0011111111111111111,0.013333333333333334,8.47794612560917,0.0057360789913209675,0.105,0.2762653437706138
/home/nszb/gym/mujoko/models/tilt_recovery_5530_candidates/model_6175.onnx,roll_+3_vx0.35,roll,0.35,1,3.0,0,3.0079893149237793,2.298732066798738,0.26,0.06,2.298732066798738,0.27071496701468206,0.06953649849132165,0.9501692056655884,0.0002777777777777778,0.0033333333333333335,7.9118406500136444,0.0058232825850280286,0.1125,0.27676336480225516
/home/nszb/gym/mujoko/models/tilt_recovery_5530_candidates/model_6175.onnx,roll_-5_vx0.35,roll,0.35,-1,-5.0,0,4.9354940402319265,2.482256944678346,0.06,0.06,2.482256944678346,0.27070699741396115,0.06905136845442982,0.9595575332641602,0.0019444444444444442,0.023333333333333334,8.91858990271252,0.00577367674181257,0.1075,0.27633787881791066
/home/nszb/gym/mujoko/models/tilt_recovery_5530_candidates/model_6175.onnx,roll_+5_vx0.35,roll,0.35,1,5.0,0,4.947698212262013,2.3607682127965934,0.08,0.06,2.2091332306678058,0.27129699668912366,0.06846863344904384,0.9513100385665894,0.0005555555555555556,0.006666666666666667,8.16831377186369,0.005705820016658767,0.1175,0.27548196542932835
/home/nszb/gym/mujoko/models/tilt_recovery_5530_candidates/model_6175.onnx,roll_-8_vx0.35,roll,0.35,-1,-8.0,0,7.898309284495503,2.423763502907906,0.1,0.08,2.423763502907906,0.270997453845404,0.06793784121659867,0.961162805557251,0.0030555555555555553,0.03666666666666667,8.902947666220012,0.0056219743743928345,0.1075,0.2764058307384378
/home/nszb/gym/mujoko/models/tilt_recovery_5530_candidates/model_6175.onnx,roll_+8_vx0.35,roll,0.35,1,8.0,0,7.909927035028939,2.4510174973825154,0.1,0.26,2.168535954771645,0.2709066572251109,0.06904292494991676,0.9579581022262573,0.0019444444444444442,0.023333333333333334,8.309582722297108,0.0057648316778646964,0.1075,0.27558956377616567
/home/nszb/gym/mujoko/models/tilt_recovery_5530_candidates/model_6175.onnx,push_-1_vx0.35,push,0.35,-1,-0.0,0,4.402997805486332,2.5737998592390685,0.26000000000000023,0.26000000000000023,4.402997805486332,0.27157446053620626,0.06851268998151148,0.9621667265892029,0.005277777777777778,0.06333333333333334,8.777566548535102,0.005711658085059978,0.11,0.2762122402502001
/home/nszb/gym/mujoko/models/tilt_recovery_5530_candidates/model_6175.onnx,push_+1_vx0.35,push,0.35,1,0.0,0,2.3448983151062928,2.3448983151062928,0.06000000000000005,0.06000000000000005,2.156347375547741,0.2700811702374486,0.06885972762534757,0.9701197147369385,0.00861111111111111,0.10333333333333333,8.270602249058879,0.005747016585298182,0.095,0.2762122402502001
/home/nszb/gym/mujoko/models/tilt_recovery_5530_candidates/model_6175.onnx,saturated_-1_vx0.20,saturated,0.2,-1,-3.0,0,5.810521661189876,5.591692069837799,0.36,0.36,2.057461499826901,0.1543776750479079,0.05706749037584052,0.9561277627944946,0.0005555555555555556,0.006666666666666667,32.02762305736542,0.004020190334561905,0.1325,0.27787570929905975
/home/nszb/gym/mujoko/models/tilt_recovery_5530_candidates/model_6175.onnx,saturated_+1_vx0.20,saturated,0.2,1,3.0,0,5.149806450596094,2.161081301317336,0.14,0.14,2.0581396435469674,0.15450386504293548,0.05566975380401727,0.9554099440574646,0.003611111111111111,0.043333333333333335,27.46272385120392,0.003819225322196578,0.13,0.27507265237983713
/home/nszb/gym/mujoko/models/tilt_recovery_5530_candidates/model_6250.onnx,roll_-3_vx0.12,roll,0.12,-1,-3.0,0,2.9912951432608463,2.2500075451986503,0.06,0.06,2.2500075451986503,0.08140670289117102,0.05455073753976286,0.9563272595405579,0.011388888888888888,0.13666666666666666,8.039894164361641,0.0027862277815120366,0.1325,0.27943540001788314
/home/nszb/gym/mujoko/models/tilt_recovery_5530_candidates/model_6250.onnx,roll_+3_vx0.12,roll,0.12,1,3.0,0,3.01293941111414,2.3028955721776985,0.06,0.06,2.111128388468213,0.08134912359641908,0.05483085462246942,0.9524062871932983,0.008333333333333333,0.1,7.740741249253097,0.0028154545088419536,0.135,0.2788740779903568
/home/nszb/gym/mujoko/models/tilt_recovery_5530_candidates/model_6250.onnx,roll_-5_vx0.12,roll,0.12,-1,-5.0,0,4.959984696427697,2.271254240083885,0.06,0.06,2.271254240083885,0.08132671309737251,0.05504939447797068,0.9597803950309753,0.014166666666666666,0.17,8.446489471020898,0.0028309630092784336,0.135,0.27939234673404406
/home/nszb/gym/mujoko/models/tilt_recovery_5530_candidates/model_6250.onnx,roll_+5_vx0.12,roll,0.12,1,5.0,0,4.962655577315435,2.1748310658740895,0.06,0.06,2.122807307815676,0.08140947513702315,0.054541917049646234,0.9547076225280762,0.009444444444444443,0.11333333333333333,7.95452323049855,0.0027606059350463908,0.135,0.27915111015499006
/home/nszb/gym/mujoko/models/tilt_recovery_5530_candidates/model_6250.onnx,roll_-8_vx0.12,roll,0.12,-1,-8.0,0,7.924144787623281,2.1827201787170236,0.12,0.12,2.1827201787170236,0.08149080855318029,0.05434192434545148,0.9542374014854431,0.010277777777777776,0.12333333333333334,8.567777368540252,0.002749802115159658,0.1375,0.278771508670116
/home/nszb/gym/mujoko/models/tilt_recovery_5530_candidates/model_6250.onnx,roll_+8_vx0.12,roll,0.12,1,8.0,0,7.926300977072481,3.2544130786590695,0.3,0.28,2.1060893679161397,0.08141457140194376,0.05448552959138457,0.959507942199707,0.013888888888888886,0.16666666666666666,8.263021393272716,0.0027653132965334147,0.135,0.2794531661942696
/home/nszb/gym/mujoko/models/tilt_recovery_5530_candidates/model_6250.onnx,push_-1_vx0.12,push,0.12,-1,-0.0,0,2.2127374118964336,2.2127374118964336,0.06000000000000005,0.06000000000000005,2.176514269433246,0.08146506457163145,0.054061226706793114,0.9602741003036499,0.008888888888888889,0.10666666666666667,7.864788901988709,0.002723836248467425,0.13,0.27902675348616957
/home/nszb/gym/mujoko/models/tilt_recovery_5530_candidates/model_6250.onnx,push_+1_vx0.12,push,0.12,1,0.0,0,2.165865940761206,2.165865940761206,0.06000000000000005,0.06000000000000005,2.137026374118156,0.08162634841743371,0.05399531127748546,0.9661855101585388,0.021388888888888888,0.25666666666666665,7.864788901988709,0.0027360031861023114,0.13,0.27902675348616957
/home/nszb/gym/mujoko/models/tilt_recovery_5530_candidates/model_6250.onnx,roll_-3_vx0.20,roll,0.2,-1,-3.0,0,2.99482019438888,2.0195283204854197,0.06,0.06,1.9829521790752533,0.15246987303259618,0.05797087380812862,0.9612879753112793,0.015555555555555553,0.18666666666666668,8.138211571137328,0.0038507984663131633,0.1375,0.2787447213555396
/home/nszb/gym/mujoko/models/tilt_recovery_5530_candidates/model_6250.onnx,roll_+3_vx0.20,roll,0.2,1,3.0,0,3.0086656047579314,2.102273196794153,0.06,0.06,2.0549705430905236,0.15224218168601386,0.058298906197067575,0.9539421796798706,0.010555555555555556,0.12666666666666668,7.588392606335196,0.003927921441188709,0.1325,0.2784445982570148
/home/nszb/gym/mujoko/models/tilt_recovery_5530_candidates/model_6250.onnx,roll_-5_vx0.20,roll,0.2,-1,-5.0,0,4.9543408573708145,2.165389776083122,0.06,0.06,2.165389776083122,0.15220903348588258,0.05887710913618829,0.964127779006958,0.0175,0.20666666666666667,8.55030232832273,0.0039546785901374915,0.14,0.27886337082186996
/home/nszb/gym/mujoko/models/tilt_recovery_5530_candidates/model_6250.onnx,roll_+5_vx0.20,roll,0.2,1,5.0,0,4.95286494944808,2.191088316252016,0.08,0.06,2.191088316252016,0.1520762833745956,0.05909011212562319,0.9543184638023376,0.010555555555555556,0.12666666666666668,7.930575813873549,0.004006894068423217,0.135,0.2782780632532528
/home/nszb/gym/mujoko/models/tilt_recovery_5530_candidates/model_6250.onnx,roll_-8_vx0.20,roll,0.2,-1,-8.0,0,7.9178231787247,2.056348684820254,0.12,0.12,2.056348684820254,0.1522120908233851,0.05877050348578492,0.961071252822876,0.015833333333333335,0.19,8.820219263439418,0.003976894520744497,0.135,0.27892125108248006
/home/nszb/gym/mujoko/models/tilt_recovery_5530_candidates/model_6250.onnx,roll_+8_vx0.20,roll,0.2,1,8.0,0,7.9155516293977195,2.8744157638568284,0.26,0.26,2.036663642080276,0.15210610989181914,0.059314280329295255,0.9616891145706177,0.015555555555555553,0.18666666666666668,8.356821663447048,0.004008513973190235,0.1425,0.27844425476158524
/home/nszb/gym/mujoko/models/tilt_recovery_5530_candidates/model_6250.onnx,push_-1_vx0.20,push,0.2,-1,-0.0,0,2.219425238568678,2.219425238568678,0.06000000000000005,0.06000000000000005,2.1289340793878355,0.15184826111873723,0.05939945103615412,0.9603330492973328,0.011666666666666667,0.14,7.817452946682483,0.004025751875885335,0.14,0.27849451054015123
/home/nszb/gym/mujoko/models/tilt_recovery_5530_candidates/model_6250.onnx,push_+1_vx0.20,push,0.2,1,0.0,0,2.184960119078117,2.184960119078117,0.06000000000000005,0.06000000000000005,2.177148878618215,0.1518983990487854,0.05860617020391944,0.9709229469299316,0.021944444444444444,0.26,7.817452946682483,0.003928554437258722,0.13,0.27849451054015123
/home/nszb/gym/mujoko/models/tilt_recovery_5530_candidates/model_6250.onnx,roll_-3_vx0.35,roll,0.35,-1,-3.0,0,2.9947102426809753,2.275770817178007,0.06,0.06,2.275770817178007,0.26963604648588446,0.06920494649161457,0.9595674872398376,0.0061111111111111106,0.07,8.492094580818465,0.005479059478105416,0.12,0.27591968625957713
/home/nszb/gym/mujoko/models/tilt_recovery_5530_candidates/model_6250.onnx,roll_+3_vx0.35,roll,0.35,1,3.0,0,3.007797385596232,2.34043141842294,0.26,0.06,2.217205323442067,0.26917626843039855,0.06941804363922247,0.9526943564414978,0.003333333333333333,0.04,7.877301273200223,0.0054751007003339845,0.11,0.2766673526802486
/home/nszb/gym/mujoko/models/tilt_recovery_5530_candidates/model_6250.onnx,roll_-5_vx0.35,roll,0.35,-1,-5.0,0,4.9376371831918275,2.3744984943724345,0.06,0.06,2.3744984943724345,0.2695316113931621,0.06891608912980848,0.9612962603569031,0.008888888888888887,0.10666666666666667,8.938292076328432,0.0054158247623452135,0.1025,0.2762524503860453
/home/nszb/gym/mujoko/models/tilt_recovery_5530_candidates/model_6250.onnx,roll_+5_vx0.35,roll,0.35,1,5.0,0,4.9477170664128405,2.3273278266429167,0.08,0.06,2.134049460255813,0.26983246789805365,0.0685258747914125,0.9553678035736084,0.005555555555555555,0.06666666666666667,8.061634738635158,0.005398648929212793,0.11,0.27540583378920674
/home/nszb/gym/mujoko/models/tilt_recovery_5530_candidates/model_6250.onnx,roll_-8_vx0.35,roll,0.35,-1,-8.0,0,7.9005782766715615,2.34545337141525,0.1,0.1,2.2976322041299797,0.2696394048661816,0.0685614947075753,0.962617039680481,0.007777777777777777,0.09333333333333334,9.094375145716072,0.0053677660697156225,0.1125,0.27625666574146307
/home/nszb/gym/mujoko/models/tilt_recovery_5530_candidates/model_6250.onnx,roll_+8_vx0.35,roll,0.35,1,8.0,0,7.910089364331655,2.2687155220841446,0.1,0.24,2.193317095893363,0.26935094971555634,0.06846890637399144,0.960357666015625,0.006944444444444443,0.08333333333333333,8.242166015577828,0.0053827188727503025,0.1075,0.27552680667867324
/home/nszb/gym/mujoko/models/tilt_recovery_5530_candidates/model_6250.onnx,push_-1_vx0.35,push,0.35,-1,-0.0,0,3.973309047738711,2.3647981503353233,0.26000000000000023,0.26000000000000023,3.973309047738711,0.26943607342586817,0.06898115275336916,0.9592136740684509,0.008333333333333333,0.1,9.323618902212349,0.0054392027070617275,0.11,0.27593665502917253
/home/nszb/gym/mujoko/models/tilt_recovery_5530_candidates/model_6250.onnx,push_+1_vx0.35,push,0.35,1,0.0,0,2.297333621051762,2.297333621051762,0.06000000000000005,0.06000000000000005,2.297333621051762,0.2688911950311274,0.06876124669554619,0.9700567722320557,0.015555555555555553,0.16666666666666666,8.217258941591215,0.005422507718629652,0.12,0.27593665502917253
/home/nszb/gym/mujoko/models/tilt_recovery_5530_candidates/model_6250.onnx,saturated_-1_vx0.20,saturated,0.2,-1,-3.0,0,5.809657979471787,5.585355903092605,0.36,0.36,2.055072062448982,0.15325030643616688,0.05746453736295828,0.956131100654602,0.011388888888888888,0.13666666666666666,32.02762305736542,0.003842539102658031,0.13,0.2778353203931346
/home/nszb/gym/mujoko/models/tilt_recovery_5530_candidates/model_6250.onnx,saturated_+1_vx0.20,saturated,0.2,1,3.0,0,5.154112896056067,2.142140499243193,0.14,0.14,2.142140499243193,0.15308332821358037,0.05587700161465003,0.9579280614852905,0.014444444444444444,0.17333333333333334,27.46272385120392,0.0035743742543381217,0.1275,0.2749901307087974
/home/nszb/gym/mujoko/models/tilt_recovery_5530_candidates/model_6325.onnx,roll_-3_vx0.12,roll,0.12,-1,-3.0,0,2.9912724053406987,2.3221157318398338,0.06,0.06,2.3221157318398338,0.07969492558802196,0.05618400740919034,0.9596464037895203,0.04749999999999999,0.57,8.048411704172999,0.002691502681461429,0.1375,0.27929596124324235
/home/nszb/gym/mujoko/models/tilt_recovery_5530_candidates/model_6325.onnx,roll_+3_vx0.12,roll,0.12,1,3.0,0,3.0132903554818946,2.1768305583489873,0.06,0.06,2.137522547484995,0.07970573260218604,0.05569653479047421,0.9560450911521912,0.04638888888888888,0.5566666666666666,7.6890683735992535,0.002630975299344104,0.135,0.2789269076064974
/home/nszb/gym/mujoko/models/tilt_recovery_5530_candidates/model_6325.onnx,roll_-5_vx0.12,roll,0.12,-1,-5.0,0,4.960380653583458,2.2475738310474704,0.06,0.06,2.2475738310474704,0.07971778868515585,0.05695960858507429,0.9623328447341919,0.05138888888888888,0.6166666666666667,8.459222694969641,0.0027825869826264386,0.1425,0.2792126293868813
/home/nszb/gym/mujoko/models/tilt_recovery_5530_candidates/model_6325.onnx,roll_+5_vx0.12,roll,0.12,1,5.0,0,4.9628603126257875,2.2941358320116283,0.06,0.06,2.2528726320669317,0.07982644330954083,0.05617655177946806,0.9579966068267822,0.04638888888888889,0.5566666666666666,7.900261518199759,0.00268527796248116,0.14,0.2789654782347702
/home/nszb/gym/mujoko/models/tilt_recovery_5530_candidates/model_6325.onnx,roll_-8_vx0.12,roll,0.12,-1,-8.0,0,7.92469788764932,2.243539442681444,0.12,0.12,2.2017640738463387,0.07978172677943748,0.0559288221331415,0.9574848413467407,0.04722222222222222,0.5666666666666667,8.591145574877993,0.002654635534870022,0.1375,0.2786633669374498
/home/nszb/gym/mujoko/models/tilt_recovery_5530_candidates/model_6325.onnx,roll_+8_vx0.12,roll,0.12,1,8.0,0,7.92666982452783,3.244504805402001,0.3,0.28,2.158783478959955,0.07978668194857101,0.055844065774197114,0.962186336517334,0.049999999999999996,0.6,8.206731687284071,0.0026528315722052077,0.1375,0.27927503037106655
/home/nszb/gym/mujoko/models/tilt_recovery_5530_candidates/model_6325.onnx,push_-1_vx0.12,push,0.12,-1,-0.0,0,2.4524720986540403,2.4524720986540403,0.06000000000000005,0.06000000000000005,2.4524720986540403,0.079929049316193,0.055437854769966016,0.962774395942688,0.042777777777777776,0.5133333333333333,7.869194147619832,0.002606353806118222,0.135,0.27878398596787046
/home/nszb/gym/mujoko/models/tilt_recovery_5530_candidates/model_6325.onnx,push_+1_vx0.12,push,0.12,1,0.0,0,2.2714573806738247,2.2714573806738247,0.06000000000000005,0.06000000000000005,2.2393608452838434,0.0799074871724212,0.05610314435749081,0.9682173132896423,0.048055555555555546,0.5766666666666667,7.869194147619832,0.0027118886038024984,0.145,0.27878398596787046
/home/nszb/gym/mujoko/models/tilt_recovery_5530_candidates/model_6325.onnx,roll_-3_vx0.20,roll,0.2,-1,-3.0,0,2.9948146989358557,2.088772090412308,0.06,0.06,2.088772090412308,0.15034058852410637,0.05884043239648225,0.9645118713378906,0.04555555555555555,0.5433333333333333,8.139302331534903,0.0036593612249214667,0.1325,0.2785819757019093
/home/nszb/gym/mujoko/models/tilt_recovery_5530_candidates/model_6325.onnx,roll_+3_vx0.20,roll,0.2,1,3.0,0,3.0090159142134,2.106854406967864,0.06,0.06,2.106854406967864,0.1501256860243467,0.05996392844988481,0.9583241939544678,0.03861111111111111,0.4633333333333333,7.592675448915813,0.003782996014919844,0.1425,0.2784496942090862
/home/nszb/gym/mujoko/models/tilt_recovery_5530_candidates/model_6325.onnx,roll_-5_vx0.20,roll,0.2,-1,-5.0,0,4.954866804871897,2.028386423475867,0.06,0.06,2.028386423475867,0.15008979899122527,0.059259177700733225,0.9672866463661194,0.04805555555555555,0.57,8.558687260870764,0.0036856524940597534,0.135,0.2785244402495186
/home/nszb/gym/mujoko/models/tilt_recovery_5530_candidates/model_6325.onnx,roll_+5_vx0.20,roll,0.2,1,5.0,0,4.953052964817402,2.1121520149438444,0.08,0.06,2.028697737469882,0.1502039357986589,0.05896903382642057,0.9579354524612427,0.03972222222222222,0.4766666666666667,7.854964270218391,0.0036229578665345776,0.135,0.2780629018813267
/home/nszb/gym/mujoko/models/tilt_recovery_5530_candidates/model_6325.onnx,roll_-8_vx0.20,roll,0.2,-1,-8.0,0,7.91851680480241,2.132926410405057,0.12,0.12,2.0245628362494275,0.1500627034013478,0.05900692092767075,0.9637945294380188,0.04416666666666667,0.5266666666666666,8.845166503593491,0.0036541751306724502,0.125,0.27868588295700136
/home/nszb/gym/mujoko/models/tilt_recovery_5530_candidates/model_6325.onnx,roll_+8_vx0.20,roll,0.2,1,8.0,0,7.915850371610988,2.8583972612870063,0.26,0.26,2.060448021289103,0.14966965562423312,0.06041679872730252,0.9645507335662842,0.04444444444444444,0.53,8.322975578590048,0.0038267471550029186,0.1325,0.278205338930344
/home/nszb/gym/mujoko/models/tilt_recovery_5530_candidates/model_6325.onnx,push_-1_vx0.20,push,0.2,-1,-0.0,0,2.186009724102431,2.186009724102431,0.06000000000000005,0.06000000000000005,1.980230615478802,0.14973657335053342,0.05983742377955458,0.9638203978538513,0.03666666666666667,0.44,7.733000780769984,0.0037795416213836806,0.135,0.2781096125498773
/home/nszb/gym/mujoko/models/tilt_recovery_5530_candidates/model_6325.onnx,push_+1_vx0.20,push,0.2,1,0.0,0,2.047357948321453,2.047357948321453,0.06000000000000005,0.06000000000000005,2.036698407850208,0.15021981662778092,0.05821491039299993,0.9726437330245972,0.04472222222222221,0.5233333333333333,7.733000780769984,0.0035265120315300376,0.13,0.2781096125498773
/home/nszb/gym/mujoko/models/tilt_recovery_5530_candidates/model_6325.onnx,roll_-3_vx0.35,roll,0.35,-1,-3.0,0,2.995454869277447,2.324967239649072,0.06,0.06,2.3245905892273355,0.2674590802388058,0.06890238325385306,0.9634753465652466,0.02611111111111111,0.30333333333333334,8.481933435625063,0.005105401553165028,0.11,0.275896137107758
/home/nszb/gym/mujoko/models/tilt_recovery_5530_candidates/model_6325.onnx,roll_+3_vx0.35,roll,0.35,1,3.0,0,3.0072856301396436,2.357670780530236,0.26,0.06,2.357670780530236,0.26690227391542737,0.06973276047342032,0.9573866724967957,0.02083333333333333,0.24666666666666667,7.976009848921162,0.005187372648494826,0.12,0.27652075746784904
/home/nszb/gym/mujoko/models/tilt_recovery_5530_candidates/model_6325.onnx,roll_-5_vx0.35,roll,0.35,-1,-5.0,0,4.939165089150038,2.292499146061501,0.06,0.06,2.2090010544047964,0.2674780579860845,0.06848667394606364,0.9639173746109009,0.026388888888888885,0.31,8.932041900799877,0.005067769971642375,0.1075,0.2761794813303305
/home/nszb/gym/mujoko/models/tilt_recovery_5530_candidates/model_6325.onnx,roll_+5_vx0.35,roll,0.35,1,5.0,0,4.947158384381609,2.2948137006792053,0.08,0.06,2.085414097836403,0.26687432750999185,0.06826750174769805,0.957120418548584,0.021944444444444444,0.26,8.072081740119577,0.0050622434783648765,0.11,0.2750784039817015
/home/nszb/gym/mujoko/models/tilt_recovery_5530_candidates/model_6325.onnx,roll_-8_vx0.35,roll,0.35,-1,-8.0,0,7.902223891183191,2.3325597629541988,0.1,0.1,2.3325597629541988,0.26667673296243527,0.06945435311021507,0.9662659168243408,0.028611111111111108,0.32666666666666666,9.118502498435793,0.00515024812470264,0.11,0.2759100061265824
/home/nszb/gym/mujoko/models/tilt_recovery_5530_candidates/model_6325.onnx,roll_+8_vx0.35,roll,0.35,1,8.0,0,7.909576654636634,2.2961548176135476,0.1,0.24,2.160373283313652,0.267249028878852,0.06896415945654974,0.9633468985557556,0.02444444444444444,0.2866666666666667,8.18759515712512,0.005076307076019228,0.1075,0.27547214497356665
/home/nszb/gym/mujoko/models/tilt_recovery_5530_candidates/model_6325.onnx,push_-1_vx0.35,push,0.35,-1,-0.0,0,4.087695843288706,2.341242535955548,0.26000000000000023,0.26000000000000023,4.087695843288706,0.2675124087996768,0.06798308931772615,0.9649083018302917,0.0275,0.32,9.403657557462086,0.00500365252917015,0.105,0.2760176486728281
/home/nszb/gym/mujoko/models/tilt_recovery_5530_candidates/model_6325.onnx,push_+1_vx0.35,push,0.35,1,0.0,0,2.2555990041927187,2.2555990041927187,0.06000000000000005,0.06000000000000005,2.216929371727563,0.2671234912435669,0.0676832948420014,0.9728485345840454,0.03194444444444444,0.3433333333333333,8.198228510232967,0.004997206644307331,0.105,0.2760176486728281
/home/nszb/gym/mujoko/models/tilt_recovery_5530_candidates/model_6325.onnx,saturated_-1_vx0.20,saturated,0.2,-1,-3.0,0,5.810850073582832,5.574689031767042,0.36,0.36,2.222311231604695,0.15079359635783018,0.058744790760760966,0.957312822341919,0.03694444444444444,0.44333333333333336,32.02762305736542,0.0036508289210451105,0.135,0.27779851892752194
/home/nszb/gym/mujoko/models/tilt_recovery_5530_candidates/model_6325.onnx,saturated_+1_vx0.20,saturated,0.2,1,3.0,0,5.154695493392087,1.9210649913646154,0.14,0.14,1.9210649913646154,0.15120663711582216,0.05733488699023824,0.9588214159011841,0.03638888888888889,0.43666666666666665,27.46272385120392,0.003483812801294748,0.135,0.2749456208290633
/home/nszb/gym/mujoko/models/tilt_recovery_5530_candidates/model_6375.onnx,roll_-3_vx0.12,roll,0.12,-1,-3.0,0,2.9912626494806185,2.3837577357580724,0.06,0.06,2.3837577357580724,0.07976534262631572,0.05695576696757934,0.9618793725967407,0.057222222222222216,0.6866666666666666,8.04176073497034,0.0026829790388551984,0.1425,0.27916563581258724
/home/nszb/gym/mujoko/models/tilt_recovery_5530_candidates/model_6375.onnx,roll_+3_vx0.12,roll,0.12,1,3.0,0,3.013458703664105,2.3719944031639315,0.06,0.06,2.1022895634040273,0.07982776813509941,0.05701536156645037,0.9583775997161865,0.05388888888888888,0.6466666666666666,7.644471550475651,0.002698340948994643,0.1425,0.27877234296098347
/home/nszb/gym/mujoko/models/tilt_recovery_5530_candidates/model_6375.onnx,roll_-5_vx0.12,roll,0.12,-1,-5.0,0,4.960414271332384,2.4113678874687037,0.06,0.06,2.4113678874687037,0.07973365615683364,0.057169887496375756,0.9640754461288452,0.05861111111111111,0.7,8.463595698707259,0.0027189297323674945,0.1425,0.27914880161607414
/home/nszb/gym/mujoko/models/tilt_recovery_5530_candidates/model_6375.onnx,roll_+5_vx0.12,roll,0.12,1,5.0,0,4.962891550594164,2.412021687981126,0.06,0.06,2.195349462586069,0.07986798646195652,0.057455476005736555,0.9606176018714905,0.055,0.66,7.8530151356553,0.0027318826379548592,0.1475,0.27900778419789307
/home/nszb/gym/mujoko/models/tilt_recovery_5530_candidates/model_6375.onnx,roll_-8_vx0.12,roll,0.12,-1,-8.0,0,7.924808196863936,2.406543946673724,0.12,0.12,2.406543946673724,0.07990911750965023,0.05692518944050506,0.9599694609642029,0.05583333333333332,0.67,8.611733254821539,0.0026631486834911085,0.145,0.27876404777093816
/home/nszb/gym/mujoko/models/tilt_recovery_5530_candidates/model_6375.onnx,roll_+8_vx0.12,roll,0.12,1,8.0,0,7.926758560239991,3.221944549140936,0.3,0.28,2.15501605446808,0.0796399204037799,0.05693804221577606,0.9641751646995544,0.05944444444444443,0.7133333333333334,8.188580249494436,0.002663122340799502,0.14,0.2792014294630106
/home/nszb/gym/mujoko/models/tilt_recovery_5530_candidates/model_6375.onnx,push_-1_vx0.12,push,0.12,-1,-0.0,0,2.1824652452713704,2.1824652452713704,0.06000000000000005,0.06000000000000005,2.1824652452713704,0.0795276484424187,0.058641604616106395,0.9645483493804932,0.05194444444444444,0.6233333333333333,7.837315029941952,0.0028944780945127572,0.145,0.2788277268217178
/home/nszb/gym/mujoko/models/tilt_recovery_5530_candidates/model_6375.onnx,push_+1_vx0.12,push,0.12,1,0.0,0,2.439815604790957,2.439815604790957,0.06000000000000005,0.06000000000000005,2.1247230132298043,0.08013750210680827,0.055191827330811724,0.9694109559059143,0.05888888888888888,0.7,7.837315029941952,0.002498285899387277,0.14,0.2788277268217178
/home/nszb/gym/mujoko/models/tilt_recovery_5530_candidates/model_6375.onnx,roll_-3_vx0.20,roll,0.2,-1,-3.0,0,2.994723793695565,1.9498019548842997,0.06,0.06,1.9010244829634155,0.151450643365292,0.05743465333523104,0.966215968132019,0.062222222222222213,0.7366666666666667,8.130671590113437,0.003295782206247867,0.13,0.278557906207262
/home/nszb/gym/mujoko/models/tilt_recovery_5530_candidates/model_6375.onnx,roll_+3_vx0.20,roll,0.2,1,3.0,0,3.009162393264706,1.9526733411379014,0.06,0.06,1.9526733411379014,0.15144495792293314,0.05741416759936966,0.9606147408485413,0.05777777777777776,0.6933333333333334,7.503672263343815,0.0032895085256139434,0.13,0.27859211049076593
/home/nszb/gym/mujoko/models/tilt_recovery_5530_candidates/model_6375.onnx,roll_-5_vx0.20,roll,0.2,-1,-5.0,0,4.9547279671526985,2.166480423690865,0.06,0.06,2.0025689336053465,0.15094002964538758,0.057962991884860475,0.9682382345199585,0.06444444444444443,0.76,8.55901725394999,0.003387151470456696,0.125,0.2785842156559635
/home/nszb/gym/mujoko/models/tilt_recovery_5530_candidates/model_6375.onnx,roll_+5_vx0.20,roll,0.2,1,5.0,0,4.953192922027746,1.9603782934047467,0.08,0.06,1.9603782934047467,0.15149740354035435,0.05742910919300967,0.9624714851379395,0.05944444444444444,0.71,7.801419754981399,0.0033027796470914026,0.1275,0.27823188503805274
/home/nszb/gym/mujoko/models/tilt_recovery_5530_candidates/model_6375.onnx,roll_-8_vx0.20,roll,0.2,-1,-8.0,0,7.918456917379997,1.9701858656525957,0.12,0.12,1.9701858656525957,0.1517470514935648,0.05692935202770572,0.9654901027679443,0.06333333333333332,0.75,8.872399553880118,0.003306324928157324,0.13,0.27839812618201315
/home/nszb/gym/mujoko/models/tilt_recovery_5530_candidates/model_6375.onnx,roll_+8_vx0.20,roll,0.2,1,8.0,0,7.916046080689546,2.8228635628011283,0.26,0.26,1.8916169895538275,0.15138930430622322,0.05718704440967457,0.9656450748443604,0.06166666666666667,0.73,8.278157251855191,0.0032817071259676023,0.1275,0.2779542525668407
/home/nszb/gym/mujoko/models/tilt_recovery_5530_candidates/model_6375.onnx,push_-1_vx0.20,push,0.2,-1,-0.0,0,2.1990075521977204,2.1990075521977204,0.06000000000000005,0.06000000000000005,1.956824912156108,0.15149691957915326,0.05772799076622622,0.9653468728065491,0.056388888888888884,0.6766666666666666,7.684178796033493,0.0033485746510016033,0.14,0.27784857442715505
/home/nszb/gym/mujoko/models/tilt_recovery_5530_candidates/model_6375.onnx,push_+1_vx0.20,push,0.2,1,0.0,0,2.1060479725169268,2.1060479725169268,0.06000000000000005,0.08000000000000007,2.1060479725169268,0.15123244519700854,0.05711169185564157,0.9719011187553406,0.06027777777777776,0.7066666666666667,7.684178796033493,0.003272918431706496,0.125,0.27784857442715505
/home/nszb/gym/mujoko/models/tilt_recovery_5530_candidates/model_6375.onnx,roll_-3_vx0.35,roll,0.35,-1,-3.0,0,2.99573481072186,2.2904646411385867,0.06,0.06,2.1835554580296317,0.26784816533689737,0.06951421139883054,0.9650325775146484,0.04777777777777777,0.5066666666666667,8.469610270510984,0.0050330067261206415,0.1075,0.27581015831136635
/home/nszb/gym/mujoko/models/tilt_recovery_5530_candidates/model_6375.onnx,roll_+3_vx0.35,roll,0.35,1,3.0,0,3.007107218420415,2.443233082823774,0.26,0.06,2.443233082823774,0.26708312005241147,0.06936239859085638,0.9591036438941956,0.042777777777777776,0.45,7.854707928948953,0.005015119365905698,0.1075,0.27621933000346544
/home/nszb/gym/mujoko/models/tilt_recovery_5530_candidates/model_6375.onnx,roll_-5_vx0.35,roll,0.35,-1,-5.0,0,4.939337440516861,2.2320023127069115,0.06,0.06,2.1319593584421677,0.26694356978935224,0.06873387795596746,0.9653292894363403,0.050277777777777775,0.53,8.92150931720395,0.004954886602355448,0.1025,0.27590627739822615
/home/nszb/gym/mujoko/models/tilt_recovery_5530_candidates/model_6375.onnx,roll_+5_vx0.35,roll,0.35,1,5.0,0,4.946963721504851,2.309252395749966,0.08,0.06,2.309252395749966,0.2670136849727151,0.06982011506704311,0.9602506160736084,0.042222222222222223,0.44,8.067152265146289,0.005083422779900675,0.115,0.275332839545381
/home/nszb/gym/mujoko/models/tilt_recovery_5530_candidates/model_6375.onnx,roll_-8_vx0.35,roll,0.35,-1,-8.0,0,7.902444536465969,2.242716296721965,0.1,0.1,2.171714266766589,0.26730367462988747,0.06870775557983573,0.9653947353363037,0.048611111111111105,0.51,9.13180174800989,0.004957582300075269,0.1075,0.2761496088494959
/home/nszb/gym/mujoko/models/tilt_recovery_5530_candidates/model_6375.onnx,roll_+8_vx0.35,roll,0.35,1,8.0,0,7.909418923115457,2.2562659782223555,0.1,0.1,2.2562659782223555,0.26721041837101245,0.06942993870734102,0.9632155299186707,0.04666666666666666,0.4766666666666667,8.088687599013355,0.005036567084532281,0.12,0.2750025644338238
/home/nszb/gym/mujoko/models/tilt_recovery_5530_candidates/model_6375.onnx,push_-1_vx0.35,push,0.35,-1,-0.0,0,3.743252068303595,2.214965214865546,0.26000000000000023,0.26000000000000023,3.743252068303595,0.2678519780622532,0.06897894280863462,0.9666448831558228,0.04666666666666667,0.5033333333333333,9.18361354437026,0.004985722894200671,0.105,0.2759590275448218
/home/nszb/gym/mujoko/models/tilt_recovery_5530_candidates/model_6375.onnx,push_+1_vx0.35,push,0.35,1,0.0,0,2.223221438319734,2.223221438319734,0.06000000000000005,0.06000000000000005,2.223221438319734,0.2679550531875931,0.06868557598274537,0.9735878705978394,0.050833333333333335,0.5233333333333333,8.174314568007386,0.004959418080038578,0.12,0.2759590275448218
/home/nszb/gym/mujoko/models/tilt_recovery_5530_candidates/model_6375.onnx,saturated_-1_vx0.20,saturated,0.2,-1,-3.0,0,5.812033281138785,5.630835563689483,0.36,0.36,2.0114582028968,0.1512371536105801,0.059073475574711105,0.9600367546081543,0.057777777777777775,0.6933333333333334,32.02762305736542,0.0035735520539358105,0.135,0.27778063757891047
/home/nszb/gym/mujoko/models/tilt_recovery_5530_candidates/model_6375.onnx,saturated_+1_vx0.20,saturated,0.2,1,3.0,0,5.156142084678901,2.0214180019693595,0.14,0.14,1.9684360936537517,0.15100105604511616,0.05846866734621397,0.961033046245575,0.05888888888888888,0.7033333333333334,27.46272385120392,0.003510278858850129,0.135,0.2749251976021508
/home/nszb/gym/mujoko/models/tilt_recovery_5530_candidates/model_6400.onnx,roll_-3_vx0.12,roll,0.12,-1,-3.0,0,2.9913123209483254,2.3110627967633084,0.06,0.06,2.3110627967633084,0.07869321748526158,0.057825602624808445,0.9632092714309692,0.06444444444444444,0.77,8.035683916618488,0.002713709348067996,0.1425,0.27912413962814847
/home/nszb/gym/mujoko/models/tilt_recovery_5530_candidates/model_6400.onnx,roll_+3_vx0.12,roll,0.12,1,3.0,0,3.0135162019111443,2.255137261658511,0.06,0.06,2.207117113239874,0.07876247666018185,0.05813231187688088,0.9601687788963318,0.06055555555555555,0.7266666666666667,7.6497686110428935,0.0027632475551693323,0.145,0.2787676002203966
/home/nszb/gym/mujoko/models/tilt_recovery_5530_candidates/model_6400.onnx,roll_-5_vx0.12,roll,0.12,-1,-5.0,0,4.960461522423982,2.3594412995365714,0.06,0.06,2.3594412995365714,0.0788317916373954,0.057379223976101026,0.9652584195137024,0.06583333333333333,0.7866666666666666,8.459304328470374,0.0026497209975175056,0.145,0.27913710709179135
/home/nszb/gym/mujoko/models/tilt_recovery_5530_candidates/model_6400.onnx,roll_+5_vx0.12,roll,0.12,1,5.0,0,4.963142949344662,2.335948213668243,0.06,0.06,2.021971821263279,0.07885599237701292,0.056613162394255144,0.9629307389259338,0.06388888888888888,0.7633333333333333,7.836536915201427,0.002572433043514711,0.1375,0.2790008450533022
/home/nszb/gym/mujoko/models/tilt_recovery_5530_candidates/model_6400.onnx,roll_-8_vx0.12,roll,0.12,-1,-8.0,0,7.924909753167753,2.2473109875524426,0.12,0.12,2.175210345744098,0.07878637135126551,0.056927457568543165,0.9613338708877563,0.0636111111111111,0.76,8.614954415272448,0.002615754253875607,0.14,0.278729711452379
/home/nszb/gym/mujoko/models/tilt_recovery_5530_candidates/model_6400.onnx,roll_+8_vx0.12,roll,0.12,1,8.0,0,7.9270865743220975,3.2281312709014727,0.3,0.28,2.127542741839322,0.078699229144347,0.05740761394035017,0.9654040932655334,0.06527777777777777,0.7833333333333333,8.168650312900308,0.00267247271277007,0.14,0.27913283547760676
/home/nszb/gym/mujoko/models/tilt_recovery_5530_candidates/model_6400.onnx,push_-1_vx0.12,push,0.12,-1,-0.0,0,2.364676805417455,2.364676805417455,0.06000000000000005,0.06000000000000005,2.364676805417455,0.07901282785153337,0.05728218135528872,0.9653926491737366,0.06194444444444443,0.7433333333333333,7.819804536509638,0.0026704041317434234,0.14,0.2788219452937027
/home/nszb/gym/mujoko/models/tilt_recovery_5530_candidates/model_6400.onnx,push_+1_vx0.12,push,0.12,1,0.0,0,2.3953887855552938,2.3953887855552938,0.06000000000000005,0.06000000000000005,2.2965668017768675,0.07914454163654869,0.05594688811657754,0.9704926013946533,0.06555555555555555,0.77,7.819804536509638,0.0025097528046382316,0.145,0.2788219452937027
/home/nszb/gym/mujoko/models/tilt_recovery_5530_candidates/model_6400.onnx,roll_-3_vx0.20,roll,0.2,-1,-3.0,0,2.994843622234987,1.9114527273044621,0.06,0.06,1.9114527273044621,0.15031654416114873,0.05740527527257152,0.9673464894294739,0.07333333333333332,0.8633333333333333,8.122033545867968,0.0032370661434941218,0.1375,0.2784980637054785
/home/nszb/gym/mujoko/models/tilt_recovery_5530_candidates/model_6400.onnx,roll_+3_vx0.20,roll,0.2,1,3.0,0,3.009191119363388,1.9514737488508103,0.06,0.06,1.8221904139764562,0.15028478313672541,0.05690990218817335,0.9614582657814026,0.06916666666666667,0.83,7.528629889644822,0.0031922703105982868,0.1325,0.2781137135614914
/home/nszb/gym/mujoko/models/tilt_recovery_5530_candidates/model_6400.onnx,roll_-5_vx0.20,roll,0.2,-1,-5.0,0,4.954924097458842,1.9516634591759388,0.06,0.06,1.844497979755049,0.15015710990411135,0.05712042760341765,0.9693135619163513,0.075,0.8833333333333333,8.55277159084921,0.003214943218332455,0.1275,0.27849294768709976
/home/nszb/gym/mujoko/models/tilt_recovery_5530_candidates/model_6400.onnx,roll_+5_vx0.20,roll,0.2,1,5.0,0,4.95335159069869,1.9201750391600567,0.08,0.06,1.8969849702958892,0.15019722315617423,0.057235369343886386,0.9636907577514648,0.07222222222222222,0.86,7.781431825484218,0.0032043253592587283,0.1275,0.278183408387928
/home/nszb/gym/mujoko/models/tilt_recovery_5530_candidates/model_6400.onnx,roll_-8_vx0.20,roll,0.2,-1,-8.0,0,7.918706496170025,1.9358114613418753,0.12,0.12,1.8091485579876374,0.1501715070766646,0.05729197440955952,0.9667046666145325,0.07472222222222222,0.8833333333333333,8.873899809822738,0.0032222884879357823,0.1275,0.2783142666909347
/home/nszb/gym/mujoko/models/tilt_recovery_5530_candidates/model_6400.onnx,roll_+8_vx0.20,roll,0.2,1,8.0,0,7.916256804306613,2.8386571628622,0.26,0.26,1.9323011085002757,0.15014362159765915,0.05737037392923426,0.9677863121032715,0.07361111111111111,0.87,8.249856578486561,0.0032282224973748997,0.1275,0.27789093287919
/home/nszb/gym/mujoko/models/tilt_recovery_5530_candidates/model_6400.onnx,push_-1_vx0.20,push,0.2,-1,-0.0,0,2.2130076528187437,2.2130076528187437,0.06000000000000005,0.06000000000000005,1.9010491377190035,0.15026133922561508,0.05718896837295619,0.966393232345581,0.06888888888888887,0.8266666666666667,7.665096434909274,0.0032139313868342462,0.135,0.27803119255490044
/home/nszb/gym/mujoko/models/tilt_recovery_5530_candidates/model_6400.onnx,push_+1_vx0.20,push,0.2,1,0.0,0,1.904100654755039,1.904100654755039,0.06000000000000005,0.08000000000000007,1.904100654755039,0.15054919780665324,0.05754242373742501,0.9729783535003662,0.06972222222222221,0.8133333333333334,7.665096434909274,0.0032821113704631184,0.145,0.27803119255490044
/home/nszb/gym/mujoko/models/tilt_recovery_5530_candidates/model_6400.onnx,roll_-3_vx0.35,roll,0.35,-1,-3.0,0,2.9960556147053676,2.3639649414382236,0.06,0.06,2.156827145189135,0.2660119887539016,0.06889461789018375,0.9659125804901123,0.05944444444444444,0.6,8.455361774916913,0.0049209440079124546,0.1275,0.2757648158892321
/home/nszb/gym/mujoko/models/tilt_recovery_5530_candidates/model_6400.onnx,roll_+3_vx0.35,roll,0.35,1,3.0,0,3.0068502607325027,2.40535708918661,0.26,0.06,2.40535708918661,0.26529166111156594,0.06917291091995191,0.9603919386863708,0.05277777777777777,0.5466666666666666,7.839640693164171,0.004935194638685154,0.115,0.27616212601205586
/home/nszb/gym/mujoko/models/tilt_recovery_5530_candidates/model_6400.onnx,roll_-5_vx0.35,roll,0.35,-1,-5.0,0,4.9398412914631535,2.321813661790237,0.06,0.06,2.0669617591200207,0.2662879460205603,0.06844996853527335,0.966221034526825,0.0625,0.6333333333333333,8.906496044982298,0.004855884826670559,0.11,0.2758446236866079
/home/nszb/gym/mujoko/models/tilt_recovery_5530_candidates/model_6400.onnx,roll_+5_vx0.35,roll,0.35,1,5.0,0,4.946800526012361,2.3711181156055168,0.08,0.06,2.3711181156055168,0.26571962828092077,0.06993877668743467,0.9616841673851013,0.05694444444444444,0.5733333333333334,8.077855336974608,0.0049972145419935774,0.1125,0.2752494517576293
/home/nszb/gym/mujoko/models/tilt_recovery_5530_candidates/model_6400.onnx,roll_-8_vx0.35,roll,0.35,-1,-8.0,0,7.902980650748703,2.332102692307562,0.1,0.1,2.104172316439226,0.2658970830397195,0.06917292801145472,0.9664025902748108,0.06194444444444444,0.6233333333333333,9.13278445888399,0.004938166520716887,0.1125,0.2759907616394355
/home/nszb/gym/mujoko/models/tilt_recovery_5530_candidates/model_6400.onnx,roll_+8_vx0.35,roll,0.35,1,8.0,0,7.909351910367007,2.1407044889995874,0.1,0.12,2.0420637462846614,0.26642947178830034,0.06847958991230393,0.9667197465896606,0.05666666666666666,0.5933333333333334,8.076262902853767,0.004850676986300697,0.1075,0.27512926753251943
/home/nszb/gym/mujoko/models/tilt_recovery_5530_candidates/model_6400.onnx,push_-1_vx0.35,push,0.35,-1,-0.0,0,3.7119937059529713,2.2217094553494974,0.26000000000000023,0.26000000000000023,3.7119937059529713,0.26493744884920956,0.06913879747730606,0.9676468372344971,0.05694444444444443,0.6033333333333334,9.15188573600211,0.004969901444613151,0.105,0.27556983363731663
/home/nszb/gym/mujoko/models/tilt_recovery_5530_candidates/model_6400.onnx,push_+1_vx0.35,push,0.35,1,0.0,0,2.1712168581551956,2.1712168581551956,0.06000000000000005,0.06000000000000005,2.0680458178911314,0.2661122128489005,0.06835018012189344,0.9753762483596802,0.0625,0.62,8.14196188488239,0.004852273671761324,0.125,0.27556983363731663
/home/nszb/gym/mujoko/models/tilt_recovery_5530_candidates/model_6400.onnx,saturated_-1_vx0.20,saturated,0.2,-1,-3.0,0,5.812047451221974,5.6367042568122905,0.36,0.36,1.954799188810583,0.14929924533957684,0.05964401919058905,0.9612717628479004,0.06666666666666667,0.8,32.02762305736542,0.003528310704858721,0.135,0.27777588000195436
/home/nszb/gym/mujoko/models/tilt_recovery_5530_candidates/model_6400.onnx,saturated_+1_vx0.20,saturated,0.2,1,3.0,0,5.157461092683517,2.0897824139350636,0.14,0.14,1.9577275497325057,0.14981766319602308,0.058837274596382244,0.9623614549636841,0.06861111111111111,0.8133333333333334,27.46272385120392,0.0034445453873583986,0.145,0.27491039982117327
/home/nszb/gym/mujoko/models/tilt_recovery_5530_candidates/model_6425.onnx,roll_-3_vx0.12,roll,0.12,-1,-3.0,0,2.9909402767248325,2.2444946716761893,0.06,0.06,2.2444946716761893,0.07822939829086202,0.05757666232890761,0.9637174010276794,0.06833333333333333,0.8166666666666667,8.036808402370632,0.0026548283089529974,0.14,0.27905093122891944
/home/nszb/gym/mujoko/models/tilt_recovery_5530_candidates/model_6425.onnx,roll_+3_vx0.12,roll,0.12,1,3.0,0,3.0139406552949812,2.390056472072254,0.06,0.06,2.123191699411028,0.07814153354234511,0.05788281906711352,0.9608070254325867,0.06305555555555555,0.7566666666666667,7.615166044105246,0.0027023469127104216,0.1425,0.2786580404329
/home/nszb/gym/mujoko/models/tilt_recovery_5530_candidates/model_6425.onnx,roll_-5_vx0.12,roll,0.12,-1,-5.0,0,4.960602117838113,2.2556104403231814,0.06,0.06,2.2556104403231814,0.07811968972923089,0.05782787988376164,0.9655750393867493,0.06888888888888887,0.8233333333333334,8.471944420196193,0.0026985607862630716,0.14,0.2790872916832826
/home/nszb/gym/mujoko/models/tilt_recovery_5530_candidates/model_6425.onnx,roll_+5_vx0.12,roll,0.12,1,5.0,0,4.963338667882366,2.347522754695257,0.06,0.06,2.1478862815589466,0.07818608663372732,0.05763355917796572,0.9634609818458557,0.06666666666666667,0.7966666666666666,7.821100698436718,0.002674946592472485,0.1425,0.2789568714172799
/home/nszb/gym/mujoko/models/tilt_recovery_5530_candidates/model_6425.onnx,roll_-8_vx0.12,roll,0.12,-1,-8.0,0,7.925072745447979,2.29235595543283,0.12,0.12,2.29235595543283,0.07823331991259433,0.057036366201736376,0.9618903398513794,0.06805555555555555,0.8133333333333334,8.639346187360152,0.0026043222746282633,0.14,0.2786923581724679
/home/nszb/gym/mujoko/models/tilt_recovery_5530_candidates/model_6425.onnx,roll_+8_vx0.12,roll,0.12,1,8.0,0,7.927296151470535,3.2215906557595924,0.3,0.28,2.1243726527451496,0.07826944004279435,0.057508104727802344,0.9658446311950684,0.06805555555555555,0.8133333333333334,8.15536459021315,0.002657844027773236,0.145,0.27906877762754334
/home/nszb/gym/mujoko/models/tilt_recovery_5530_candidates/model_6425.onnx,push_-1_vx0.12,push,0.12,-1,-0.0,0,2.2489721494615713,2.2489721494615713,0.06000000000000005,0.06000000000000005,2.2489721494615713,0.07818790362149587,0.05790477613629332,0.9663696885108948,0.06416666666666665,0.77,7.799757658138806,0.0027106043334256136,0.14,0.27875770376338144
/home/nszb/gym/mujoko/models/tilt_recovery_5530_candidates/model_6425.onnx,push_+1_vx0.12,push,0.12,1,0.0,0,2.287510513530492,2.287510513530492,0.06000000000000005,0.08000000000000007,2.2483572012165363,0.07820516307279779,0.056107266055592825,0.9713014364242554,0.0675,0.79,7.799757658138806,0.00258018508060298,0.14,0.27875770376338144
/home/nszb/gym/mujoko/models/tilt_recovery_5530_candidates/model_6425.onnx,roll_-3_vx0.20,roll,0.2,-1,-3.0,0,2.9945076760811102,1.9012196799950534,0.06,0.06,1.8574703432000583,0.14952056758196558,0.05823909048622156,0.9675483703613281,0.075,0.8833333333333333,8.119343709446701,0.0033015632021192367,0.1375,0.2784247098805939
/home/nszb/gym/mujoko/models/tilt_recovery_5530_candidates/model_6425.onnx,roll_+3_vx0.20,roll,0.2,1,3.0,0,3.009580109856515,1.9789049258475768,0.06,0.06,1.8968547147671577,0.1494250188249357,0.05773579497420412,0.9620821475982666,0.07,0.84,7.49850816711341,0.003244401301793406,0.13,0.27840536966693996
/home/nszb/gym/mujoko/models/tilt_recovery_5530_candidates/model_6425.onnx,roll_-5_vx0.20,roll,0.2,-1,-5.0,0,4.955126115400509,1.9641257457095052,0.06,0.06,1.8682395868555126,0.14943395278449392,0.058087575616714834,0.9695051908493042,0.07555555555555554,0.89,8.560087565084212,0.00330882144783678,0.1325,0.27845127424339133
/home/nszb/gym/mujoko/models/tilt_recovery_5530_candidates/model_6425.onnx,roll_+5_vx0.20,roll,0.2,1,5.0,0,4.953587666857428,1.916603676405485,0.08,0.06,1.916603676405485,0.14949922960378906,0.057767582427392786,0.9642178416252136,0.07194444444444442,0.8566666666666667,7.752823228442467,0.0032504117668625317,0.135,0.2781005594119963
/home/nszb/gym/mujoko/models/tilt_recovery_5530_candidates/model_6425.onnx,roll_-8_vx0.20,roll,0.2,-1,-8.0,0,7.918935424426836,1.9157905493488823,0.12,0.12,1.8816100736038637,0.14960084325410294,0.05788098383822123,0.9669385552406311,0.07555555555555554,0.89,8.89823756726055,0.0032751358867250586,0.1375,0.2782420409285984
/home/nszb/gym/mujoko/models/tilt_recovery_5530_candidates/model_6425.onnx,roll_+8_vx0.20,roll,0.2,1,8.0,0,7.916513450955955,2.841419934797479,0.26,0.26,1.916659301332673,0.1495708847060254,0.057573439852957604,0.9674263000488281,0.07527777777777778,0.8866666666666667,8.230570599924494,0.003240047205677118,0.135,0.27780629276350444
/home/nszb/gym/mujoko/models/tilt_recovery_5530_candidates/model_6425.onnx,push_-1_vx0.20,push,0.2,-1,-0.0,0,2.002962999871923,2.002962999871923,0.06000000000000005,0.06000000000000005,1.793547262675317,0.14920369370045342,0.05789789389722366,0.9663134813308716,0.06944444444444443,0.8333333333333334,7.638958388973984,0.003263007594401828,0.13,0.2779600410672344
/home/nszb/gym/mujoko/models/tilt_recovery_5530_candidates/model_6425.onnx,push_+1_vx0.20,push,0.2,1,0.0,0,2.119568431720546,2.119568431720546,0.06000000000000005,0.08000000000000007,2.119568431720546,0.1497551564061927,0.05751737196141385,0.9734402298927307,0.07277777777777776,0.84,7.711347320869477,0.0032569452844594814,0.14,0.2779600410672344
/home/nszb/gym/mujoko/models/tilt_recovery_5530_candidates/model_6425.onnx,roll_-3_vx0.35,roll,0.35,-1,-3.0,0,2.996076498080674,2.1746132516866647,0.06,0.06,2.1746132516866647,0.2642933979957296,0.07045158252355133,0.9658712148666382,0.06555555555555555,0.6166666666666667,8.44782806344021,0.004976465462365006,0.1175,0.27571675195751827
/home/nszb/gym/mujoko/models/tilt_recovery_5530_candidates/model_6425.onnx,roll_+3_vx0.35,roll,0.35,1,3.0,0,3.0068605148087695,2.4366844881867675,0.26,0.06,2.4366844881867675,0.26558242097277246,0.06871262025473912,0.9610212445259094,0.060833333333333336,0.5733333333333334,7.825843518318735,0.004834859628911798,0.1075,0.2761011523603178
/home/nszb/gym/mujoko/models/tilt_recovery_5530_candidates/model_6425.onnx,roll_-5_vx0.35,roll,0.35,-1,-5.0,0,4.940462855330854,2.253866022534101,0.06,0.06,2.253866022534101,0.2652958857854158,0.07003886592765038,0.965721070766449,0.06666666666666665,0.6333333333333333,8.908031007894698,0.0049547723002447055,0.1225,0.27568774228946236
/home/nszb/gym/mujoko/models/tilt_recovery_5530_candidates/model_6425.onnx,roll_+5_vx0.35,roll,0.35,1,5.0,0,4.9467812804904225,2.358207985648638,0.08,0.06,2.358207985648638,0.2648608772121149,0.06969120787574745,0.9616541862487793,0.06305555555555555,0.5933333333333334,8.063212130176856,0.0049373555813444995,0.125,0.2750787453801697
/home/nszb/gym/mujoko/models/tilt_recovery_5530_candidates/model_6425.onnx,roll_-8_vx0.35,roll,0.35,-1,-8.0,0,7.903616979049267,2.2916364232818416,0.1,0.1,2.142879536030094,0.26602829651230925,0.06871318287490619,0.9663692116737366,0.0661111111111111,0.6366666666666667,9.148574141265044,0.004833587655814654,0.1175,0.2760627567310576
/home/nszb/gym/mujoko/models/tilt_recovery_5530_candidates/model_6425.onnx,roll_+8_vx0.35,roll,0.35,1,8.0,0,7.909320770217865,2.172511561345295,0.1,0.1,2.172511561345295,0.264931811801317,0.06975729163219645,0.9667420983314514,0.06444444444444444,0.62,8.053527528886548,0.004932826405634677,0.1125,0.2750776313728169
/home/nszb/gym/mujoko/models/tilt_recovery_5530_candidates/model_6425.onnx,push_-1_vx0.35,push,0.35,-1,-0.0,0,3.5980635656987707,2.249375895757513,0.26000000000000023,0.26000000000000023,3.5980635656987707,0.26383637664538406,0.06956888277262338,0.9653133749961853,0.06194444444444444,0.6033333333333334,8.951666125281678,0.0049041518457317015,0.12,0.27584066452797995
/home/nszb/gym/mujoko/models/tilt_recovery_5530_candidates/model_6425.onnx,push_+1_vx0.35,push,0.35,1,0.0,0,2.2140749154889368,2.2140749154889368,0.06000000000000005,0.06000000000000005,2.0961841141285533,0.2646268945515518,0.0688368393084051,0.9753388166427612,0.06666666666666667,0.6266666666666667,8.185276944338682,0.00486119684034319,0.105,0.27584066452797995
/home/nszb/gym/mujoko/models/tilt_recovery_5530_candidates/model_6425.onnx,saturated_-1_vx0.20,saturated,0.2,-1,-3.0,0,5.811931577551472,5.684943223449888,0.36,0.36,2.0100641061420146,0.14927371312495885,0.05867717696164018,0.9617308378219604,0.06805555555555555,0.8166666666666667,32.02762305736542,0.0034100452661074486,0.1375,0.2777586977372186
/home/nszb/gym/mujoko/models/tilt_recovery_5530_candidates/model_6425.onnx,saturated_+1_vx0.20,saturated,0.2,1,3.0,0,5.158677496735229,2.1041263229215112,0.14,0.14,1.9404612759505486,0.14898131183598423,0.0596306288406293,0.9629181623458862,0.07027777777777777,0.8333333333333334,27.46272385120392,0.003499585180360014,0.145,0.2748864448682184
/home/nszb/gym/mujoko/models/tilt_recovery_5530_candidates/model_6430.onnx,roll_-3_vx0.12,roll,0.12,-1,-3.0,0,2.990835611924381,2.287965397850852,0.06,0.06,2.287965397850852,0.07791278030675466,0.05784904639312173,0.9640100002288818,0.07194444444444444,0.8566666666666667,8.035530369849738,0.0026861763731925847,0.14,0.27904183339904065
/home/nszb/gym/mujoko/models/tilt_recovery_5530_candidates/model_6430.onnx,roll_+3_vx0.12,roll,0.12,1,3.0,0,3.0140884259298004,2.4451180954045726,0.06,0.06,2.1237074610592526,0.07819026750135706,0.05762564020101408,0.9607859253883362,0.06555555555555555,0.7866666666666666,7.608316954340941,0.0026469426901669924,0.145,0.27863023402753034
/home/nszb/gym/mujoko/models/tilt_recovery_5530_candidates/model_6430.onnx,roll_-5_vx0.12,roll,0.12,-1,-5.0,0,4.9605069896669525,2.329432233919451,0.06,0.06,2.329432233919451,0.07815429084648663,0.056980286349492995,0.965802013874054,0.07138888888888888,0.85,8.472183766189733,0.0025754191447225853,0.1425,0.27907473778091185
/home/nszb/gym/mujoko/models/tilt_recovery_5530_candidates/model_6430.onnx,roll_+5_vx0.12,roll,0.12,1,5.0,0,4.9635445293099725,2.032096057218999,0.06,0.06,1.947181847783329,0.07813949128086628,0.05609025165499903,0.9637603759765625,0.07305555555555555,0.8733333333333333,7.814731659341412,0.0024619462631322907,0.135,0.2789520632150594
/home/nszb/gym/mujoko/models/tilt_recovery_5530_candidates/model_6430.onnx,roll_-8_vx0.12,roll,0.12,-1,-8.0,0,7.92500130023047,2.2608008224197125,0.12,0.12,2.1469844051057647,0.07841730610189386,0.05539420937915895,0.9622042179107666,0.07138888888888888,0.8533333333333334,8.638541298698977,0.0023814570714066024,0.1375,0.2786757594847987
/home/nszb/gym/mujoko/models/tilt_recovery_5530_candidates/model_6430.onnx,roll_+8_vx0.12,roll,0.12,1,8.0,0,7.92751971332121,3.229158769154201,0.3,0.28,2.1469050497249205,0.07808369133737023,0.05688214236152592,0.9661030173301697,0.07305555555555555,0.8733333333333333,8.15105459472504,0.002558315111808387,0.1375,0.2790669675528862
/home/nszb/gym/mujoko/models/tilt_recovery_5530_candidates/model_6430.onnx,push_-1_vx0.12,push,0.12,-1,-0.0,0,2.102989736005411,2.102989736005411,0.06000000000000005,0.06000000000000005,2.074122781425547,0.07822169699373786,0.0559445784777602,0.9665911793708801,0.06805555555555555,0.8166666666666667,7.79299631093195,0.00247049459619733,0.135,0.278729227240937
/home/nszb/gym/mujoko/models/tilt_recovery_5530_candidates/model_6430.onnx,push_+1_vx0.12,push,0.12,1,0.0,0,2.089625483099029,2.089625483099029,0.06000000000000005,0.06000000000000005,2.084899430893352,0.07821397241454636,0.05556067172169097,0.9711292386054993,0.07027777777777777,0.82,7.79299631093195,0.002490413471095732,0.135,0.278729227240937
/home/nszb/gym/mujoko/models/tilt_recovery_5530_candidates/model_6430.onnx,roll_-3_vx0.20,roll,0.2,-1,-3.0,0,2.994411218477662,1.9217140001411657,0.06,0.06,1.8754734485149844,0.14932127091295525,0.0578171176497193,0.9677312970161438,0.07888888888888888,0.92,8.11701293815604,0.0032476429285621887,0.1375,0.2783985406351426
/home/nszb/gym/mujoko/models/tilt_recovery_5530_candidates/model_6430.onnx,roll_+3_vx0.20,roll,0.2,1,3.0,0,3.0097190397882696,1.9743632650249627,0.06,0.06,1.873436563179826,0.1494532672837871,0.05779516640929691,0.9623791575431824,0.07416666666666667,0.8866666666666667,7.501981821812105,0.003251572369474731,0.14,0.27837118621759643
/home/nszb/gym/mujoko/models/tilt_recovery_5530_candidates/model_6430.onnx,roll_-5_vx0.20,roll,0.2,-1,-5.0,0,4.955065078472556,1.9732038646220444,0.06,0.06,1.8426843444573955,0.1491152911688597,0.05782172368071618,0.9696692228317261,0.07888888888888888,0.9233333333333333,8.558113090299889,0.003223235796368434,0.13,0.2784207837741898
/home/nszb/gym/mujoko/models/tilt_recovery_5530_candidates/model_6430.onnx,roll_+5_vx0.20,roll,0.2,1,5.0,0,4.953782988634598,1.9056523747626837,0.08,0.06,1.9056523747626837,0.14921647912799438,0.057986601375198704,0.9644010066986084,0.07638888888888888,0.9033333333333333,7.746511112966614,0.0032629512111338977,0.1325,0.2780893905613595
/home/nszb/gym/mujoko/models/tilt_recovery_5530_candidates/model_6430.onnx,roll_-8_vx0.20,roll,0.2,-1,-8.0,0,7.918896064095618,1.8970834373773258,0.12,0.12,1.8970834373773258,0.1492182125080185,0.057841026655118144,0.9671301245689392,0.0786111111111111,0.9233333333333333,8.896434923667467,0.0032516937067831736,0.13,0.27821193069559186
/home/nszb/gym/mujoko/models/tilt_recovery_5530_candidates/model_6430.onnx,roll_+8_vx0.20,roll,0.2,1,8.0,0,7.91673018237116,2.85111718040964,0.26,0.26,1.9431313802482546,0.1493933341874872,0.058052468616176335,0.9676389694213867,0.07805555555555554,0.9166666666666666,8.225169084070163,0.00326511595563583,0.14,0.2777833829702802
/home/nszb/gym/mujoko/models/tilt_recovery_5530_candidates/model_6430.onnx,push_-1_vx0.20,push,0.2,-1,-0.0,0,2.008944616024574,2.008944616024574,0.06000000000000005,0.06000000000000005,1.8692312376752667,0.14949542930432932,0.058357989194774085,0.9664846062660217,0.07277777777777777,0.8666666666666667,7.63189099953229,0.0033184039231777982,0.145,0.2779309170685408
/home/nszb/gym/mujoko/models/tilt_recovery_5530_candidates/model_6430.onnx,push_+1_vx0.20,push,0.2,1,0.0,0,1.8858622664267708,1.8836117786662356,0.06000000000000005,0.06000000000000005,1.8858622664267708,0.14896719501910594,0.05790521992100756,0.9750131964683533,0.07555555555555554,0.8666666666666667,7.710011987896456,0.0032406048815234005,0.13,0.2779309170685408
/home/nszb/gym/mujoko/models/tilt_recovery_5530_candidates/model_6430.onnx,roll_-3_vx0.35,roll,0.35,-1,-3.0,0,2.9959107148374184,2.2663276221000532,0.06,0.06,2.1035710945187276,0.2646613628714239,0.06991515420455154,0.9664005637168884,0.0675,0.6433333333333333,8.444345022733664,0.004908530608669665,0.11,0.2755584832585658
/home/nszb/gym/mujoko/models/tilt_recovery_5530_candidates/model_6430.onnx,roll_+3_vx0.35,roll,0.35,1,3.0,0,3.007046141031724,2.4103611197622583,0.26,0.06,2.4103611197622583,0.2647483063256984,0.06966287349313817,0.9610674381256104,0.062222222222222213,0.58,7.83371471527245,0.00489752568463576,0.11,0.2760933982560001
/home/nszb/gym/mujoko/models/tilt_recovery_5530_candidates/model_6430.onnx,roll_-5_vx0.35,roll,0.35,-1,-5.0,0,4.940366514244045,2.22637748874604,0.06,0.06,2.1479672957560485,0.2646728504507895,0.0702005953973083,0.9661045670509338,0.06972222222222221,0.67,8.902026603671146,0.004957635700971487,0.1125,0.2757576447787704
/home/nszb/gym/mujoko/models/tilt_recovery_5530_candidates/model_6430.onnx,roll_+5_vx0.35,roll,0.35,1,5.0,0,4.947030545199936,2.3051629971694965,0.08,0.06,2.3051629971694965,0.26498238769195603,0.06955883038620342,0.9611228704452515,0.06388888888888888,0.6166666666666667,8.06577066370798,0.004904206085756374,0.1125,0.2750685334205233
/home/nszb/gym/mujoko/models/tilt_recovery_5530_candidates/model_6430.onnx,roll_-8_vx0.35,roll,0.35,-1,-8.0,0,7.903529853281699,2.263900929672879,0.1,0.1,2.263900929672879,0.26442961528169207,0.06952303918650415,0.9663804769515991,0.06805555555555555,0.6533333333333333,9.144782641968888,0.0048848954107482655,0.115,0.2760511753717951
/home/nszb/gym/mujoko/models/tilt_recovery_5530_candidates/model_6430.onnx,roll_+8_vx0.35,roll,0.35,1,8.0,0,7.909604235768182,2.326504790085714,0.1,0.1,2.326504790085714,0.2646974068549101,0.06987664759944368,0.9667763710021973,0.06805555555555555,0.6466666666666666,8.047349150365875,0.004932876793262911,0.1125,0.27506125867511066
/home/nszb/gym/mujoko/models/tilt_recovery_5530_candidates/model_6430.onnx,push_-1_vx0.35,push,0.35,-1,-0.0,0,3.54826227475637,2.2542959543510754,0.26000000000000023,0.26000000000000023,3.54826227475637,0.2646369707098808,0.06894177635456301,0.9648188948631287,0.06027777777777777,0.59,8.955643074801795,0.004848616415682871,0.13,0.2758225645762943
/home/nszb/gym/mujoko/models/tilt_recovery_5530_candidates/model_6430.onnx,push_+1_vx0.35,push,0.35,1,0.0,0,2.3029070998295547,2.3029070998295547,0.06000000000000005,0.06000000000000005,2.3029070998295547,0.2648969807558799,0.06977690218952662,0.974312961101532,0.06638888888888889,0.6266666666666667,8.196534195313806,0.004916811886778309,0.11,0.2758225645762943
/home/nszb/gym/mujoko/models/tilt_recovery_5530_candidates/model_6430.onnx,saturated_-1_vx0.20,saturated,0.2,-1,-3.0,0,5.811517939447132,5.686810537979532,0.36,0.36,1.8980487354812352,0.1490437014786571,0.05919241307129095,0.9622358679771423,0.06888888888888887,0.8266666666666667,32.02762305736542,0.003434831031413216,0.1425,0.27775440886227926
/home/nszb/gym/mujoko/models/tilt_recovery_5530_candidates/model_6430.onnx,saturated_+1_vx0.20,saturated,0.2,1,3.0,0,5.1599913568727835,2.1067280824504957,0.14,0.14,1.8469966818831254,0.14861379015261644,0.059338150372940976,0.9631925821304321,0.07444444444444442,0.87,27.46272385120392,0.003439420974130627,0.135,0.27488404335340766
